,id_barrio,Distritos,Barrios,Locales,Locscenso,Censo-2021,Censo-2019,D-Censo,censo,Abstención-2021,Abstención-2019,D-Abs,Blanco-2021,Blanco-2019,D-Blc,Nulos-2021,Nulos-2019,D-Nulos,PP-2021,PP-2019,D-PP,VarPP,VarPPcenso,VarPPlocales,anterior,PSOE-2021,PSOE-2019,D-PSOE,VarPSOE,VarPSOEcenso,VOX-2021,VOX-2019,D-VOX,VarVOX,VarVOXcenso,MAS MADRID-2021,MAS MADRID-2019,D-MÁS MADRID,VarMM,VarMMcenso,PODEMOS-IU-2021,PODEMOS-IU-2019,D-PODEMOS-IU,VarPiU,VarPiUcenso,Cs-2021,Cs-2019,D-Cs,VarCs,VarCscenso
0,11, Centro, Palacio,671,0.03851010101010101,17424,17453,-29,17,4160,5186,-1026,67,48,19,45,52,-7,4740,2294,2446,106.6259808195292,14.038108356290174,3.645305514157973,PSOE,2089,3201,-1112,-34.73914401749453,-6.382001836547291,851,777,74,9.523809523809524,0.4247015610651974,3398,3251,147,4.521685635189172,0.8436639118457301,1521,827,694,83.91777509068923,3.9830119375573925,435,1696,-1261,-74.35141509433963,-7.237144168962351
1,12, Centro, Embajadores,600,0.019646365422396856,30540,30596,-56,30,8812,10449,-1637,63,87,-24,73,59,14,5751,2528,3223,127.49208860759494,10.553372626064178,5.371666666666667,PSOE,3264,5159,-1895,-36.731924791626284,-6.20497707924034,1061,1003,58,5.782652043868395,0.1899148657498363,6932,6626,306,4.618170842137036,1.0019646365422397,3835,2335,1500,64.23982869379014,4.911591355599214,575,2145,-1570,-73.1934731934732,-5.140798952193844
2,13, Centro, Cortes,519,0.06978620411456232,7437,7518,-81,7,1795,2352,-557,25,40,-15,24,18,6,2224,1038,1186,114.25818882466281,15.947290574156245,2.285163776493256,PSOE,820,1281,-461,-35.987509758001565,-6.198736049482318,355,318,37,11.635220125786164,0.4975124378109453,1393,1266,127,10.031595576619273,1.7076778270808124,494,357,137,38.37535014005603,1.8421406481107974,205,791,-586,-74.08343868520859,-7.8795213123571335
3,14, Centro, Justicia,567,0.044432254525507406,12761,12511,250,12,3283,4058,-775,48,39,9,18,14,4,4336,1958,2378,121.45045965270684,18.634903220750726,4.194003527336861,PSOE,1282,2078,-796,-38.3060635226179,-6.237755661781992,701,638,63,9.87460815047022,0.4936917169500823,1947,1689,258,15.2753108348135,2.0217851265574796,665,358,307,85.75418994413407,2.4057675730742107,414,1575,-1161,-73.71428571428571,-9.09803306950866
4,15, Centro, Universidad,721,0.03078302450687388,23422,23188,234,23,6200,7449,-1249,84,58,26,85,48,37,6203,2768,3435,124.09682080924856,14.665698915549482,4.764216366158114,PSOE,2607,4009,-1402,-34.97131454227987,-5.98582529246008,881,886,-5,-0.5643340857787811,-0.021347451114336946,4677,4399,278,6.319618095021595,1.1869182819571344,1911,1024,887,86.62109375,3.7870378276833745,634,2390,-1756,-73.47280334728033,-7.497224831355136
5,16, Centro, Sol,550,0.10752688172043011,5115,5035,80,5,1450,1822,-372,19,23,-4,13,10,3,1493,660,833,126.21212121212122,16.285434995112414,1.5145454545454546,PSOE,511,745,-234,-31.409395973154364,-4.574780058651026,298,257,41,15.953307392996107,0.801564027370479,826,765,61,7.973856209150326,1.1925708699902249,339,179,160,89.3854748603352,3.1280547409579667,133,547,-414,-75.68555758683729,-8.093841642228739
6,21, Arganzuela, Imperial,124,0.006818056853796668,18187,18449,-262,18,3368,4372,-1004,74,74,0,49,47,2,6303,3092,3211,103.84864165588617,17.655468191565404,25.89516129032258,PSOE,2198,3501,-1303,-37.21793773207655,-7.164458129433111,1093,1103,-10,-0.9066183136899365,-0.05498432946610217,3150,2710,440,16.236162361623617,2.419310496508495,1224,749,475,63.417890520694264,2.6117556496398526,644,2687,-2043,-76.0327502791217,-11.233298509924673
7,22, Arganzuela, Acacias,192,0.006447280053727334,29780,30202,-422,29,5349,6876,-1527,123,91,32,91,62,29,10047,5004,5043,100.77937649880096,16.934184016118202,26.265625,PSOE,3982,6206,-2224,-35.83628746374477,-7.468099395567494,1511,1525,-14,-0.9180327868852459,-0.04701141705842848,5431,4600,831,18.065217391304348,2.790463398253862,2061,1271,790,62.15578284815106,2.6527871054398924,1029,4372,-3343,-76.46386093321135,-11.225654801880456
8,23, Arganzuela, Chopera,124,0.008107224583197124,15295,15441,-146,15,3542,4666,-1124,52,41,11,50,43,7,4431,2321,2110,90.9090909090909,13.795357960117686,17.016129032258064,PSOE,1952,2927,-975,-33.31055688418176,-6.374632232755803,714,644,70,10.869565217391305,0.4576659038901602,2826,2363,463,19.593736775285652,3.027133050016345,1262,747,515,68.94243641231593,3.3671134357633212,381,1586,-1205,-75.97730138713746,-7.878391631252043
9,24, Arganzuela, Legazpi,105,0.0072684480132908765,14446,14296,150,14,2582,3206,-624,60,52,8,60,31,29,5026,1815,3211,176.9146005509642,22.22760625778762,30.580952380952382,PSOE,1736,2840,-1104,-38.87323943661972,-7.642253911117264,725,790,-65,-8.227848101265822,-0.4499515436799114,2669,2273,396,17.421909370875497,2.7412432507268445,844,514,330,64.2023346303502,2.284369375605704,675,2694,-2019,-74.94432071269487,-13.97618717984217
10,25, Arganzuela, Delicias,157,0.007461622546456917,21041,20775,266,21,4158,5388,-1230,77,58,19,85,37,48,6799,3172,3627,114.34426229508196,17.23777387006321,23.101910828025478,PSOE,2682,3888,-1206,-31.01851851851852,-5.731666745877098,1113,1132,-19,-1.678445229681979,-0.090299890689606,3792,3111,681,21.8900675024108,3.2365381873485104,1428,895,533,59.55307262569832,2.533149565134737,711,2950,-2239,-75.89830508474577,-10.641129223896202
11,26, Arganzuela, Palos de Moguer,235,0.0120186160691454,19553,19765,-212,19,4565,5700,-1135,55,57,-2,74,47,27,5872,3021,2851,94.37272426348892,14.580882728992995,12.13191489361702,PSOE,2226,3509,-1283,-36.563123396979194,-6.56165294328236,952,950,2,0.21052631578947367,0.010228609420549276,3637,3142,495,15.754296626352643,2.531580831585946,1488,932,556,59.65665236051502,2.8435534189126987,558,2252,-1694,-75.22202486678508,-8.663632179205237
12,27, Arganzuela, Atocha,42,0.040345821325648415,1041,834,207,1,178,207,-29,5,1,4,3,0,3,320,81,239,295.0617283950617,22.958693563880882,5.690476190476191,PSOE,126,163,-37,-22.699386503067483,-3.554274735830932,76,68,8,11.76470588235294,0.7684918347742555,199,134,65,48.507462686567166,6.243996157540826,71,42,29,69.04761904761905,2.785782901056676,56,132,-76,-57.57575757575758,-7.300672430355427
13,31, Retiro, Pacífico,185,0.006959858545577668,26581,27127,-546,26,5141,6473,-1332,104,88,16,74,51,23,10231,5446,4785,87.86265148733014,18.00158007599413,25.864864864864863,PP,3080,4991,-1911,-38.288920056100984,-7.189345773296715,1684,1730,-46,-2.6589595375722546,-0.17305594221436366,3900,3193,707,22.14218603194488,2.659794590120763,1324,871,453,52.00918484500574,1.7042248222414507,897,4135,-3238,-78.30713422007256,-12.181633497611076
14,32, Retiro, Adelfas,70,0.004776526782668032,14655,14641,14,14,2526,3445,-919,75,60,15,35,33,2,5586,2650,2936,110.79245283018868,20.03411804844763,41.94285714285714,PSOE,1739,2669,-930,-34.84451105282878,-6.345957011258956,996,906,90,9.933774834437086,0.6141248720573182,2268,1820,448,24.615384615384617,3.05697714090754,748,446,302,67.71300448430493,2.060730126236779,602,2504,-1902,-75.95846645367412,-12.978505629477993
15,33, Retiro, Estrella,59,0.003137797160027655,18803,19157,-354,18,3139,3821,-682,39,70,-31,51,46,5,8835,5098,3737,73.30325617889369,19.874488113598893,63.33898305084746,PP,1842,3055,-1213,-39.705400981996725,-6.45109822900601,1352,1357,-5,-0.36845983787767134,-0.026591501356166572,2055,1678,377,22.467222884386175,2.004999202254959,684,443,241,54.401805869074494,1.2817103653672286,681,3480,-2799,-80.43103448275862,-14.885922459182046
16,34, Retiro, Ibiza,221,0.013514339876475264,16353,16719,-366,16,3194,4448,-1254,63,45,18,35,32,3,7041,3722,3319,89.17248790972594,20.295970158380726,15.018099547511312,PP,1570,2671,-1101,-41.22051666042681,-6.732709594569804,1148,1182,-34,-2.8764805414551606,-0.20791292117654253,1986,1563,423,27.06333973128599,2.5866813428728674,608,435,173,39.770114942528735,1.057909863633584,614,2519,-1905,-75.62524811433107,-11.649238671803339
17,35, Retiro, Los Jerónimos,106,0.019794584500466852,5355,5508,-153,5,1132,1449,-317,10,16,-6,10,9,1,2543,1573,970,61.66560712015258,18.11391223155929,9.150943396226415,PP,367,603,-236,-39.13764510779436,-4.4070961718020545,506,528,-22,-4.166666666666666,-0.4108309990662932,442,382,60,15.706806282722512,1.1204481792717087,173,109,64,58.71559633027523,1.1951447245564892,155,816,-661,-81.00490196078431,-12.343604108309991
18,36, Retiro, Niño Jesús,90,0.007460212201591512,12064,12122,-58,12,1741,2484,-743,60,34,26,20,11,9,6225,3551,2674,75.30273162489439,22.165119363395224,29.711111111111112,PP,939,1625,-686,-42.215384615384615,-5.68633952254642,1039,1099,-60,-5.45950864422202,-0.49734748010610075,1178,866,312,36.027713625866056,2.586206896551724,330,191,139,72.77486910994764,1.1521883289124668,489,2200,-1711,-77.77272727272727,-14.182692307692307
19,41, Salamanca, Recoletos,325,0.02928719473731639,11097,11410,-313,11,2117,3014,-897,18,40,-22,25,20,5,6494,4167,2327,55.84353251739861,20.969631431918536,7.16,PP,510,802,-292,-36.408977556109726,-2.631341804091196,1106,1207,-101,-8.367854183927093,-0.9101558979904478,402,337,65,19.287833827893174,0.5857438947463278,116,96,20,20.833333333333336,0.18022889069117778,270,1689,-1419,-84.01420959147424,-12.787239794539065
20,42, Salamanca, Goya,374,0.017048821625564117,21937,22536,-599,21,4494,6424,-1930,61,71,-10,53,43,10,10800,5808,4992,85.9504132231405,22.756074212517664,13.3475935828877,PP,1752,2732,-980,-35.87115666178624,-4.467338286912522,1757,1871,-114,-6.09299839657937,-0.5196699639877832,1643,1432,211,14.73463687150838,0.9618452842230023,566,357,209,58.543417366946784,0.9527282673109359,716,3669,-2953,-80.48514581629873,-13.461275470665997
21,43, Salamanca, Fuente del Berro,147,0.009146910584282247,16071,16363,-292,16,3330,4393,-1063,79,39,40,49,33,16,6565,3308,3257,98.45828295042321,20.266318212930123,22.156462585034014,PP,1753,2688,-935,-34.78422619047619,-5.817932922655715,970,1041,-71,-6.820365033621517,-0.44178955883267995,1968,1665,303,18.1981981981982,1.8853836102296062,656,400,256,64.0,1.592931367058677,578,2687,-2109,-78.48902121324898,-13.123016613776366
22,44, Salamanca, Guindalera,259,0.008030260750937898,32253,32547,-294,32,6197,8181,-1984,106,104,2,106,65,41,14372,7638,6734,88.16444095312909,20.878677952438533,26.0,PP,2913,4706,-1793,-38.10029749256268,-5.55917279012805,2492,2530,-38,-1.5019762845849802,-0.11781849750410814,3673,2912,761,26.13324175824176,2.3594704368585866,1085,719,366,50.90403337969403,1.1347781601711469,1158,5414,-4256,-78.61100849649057,-13.195671720460112
23,45, Salamanca, Lista,244,0.015802085357165988,15441,15857,-416,15,2904,4258,-1354,43,29,14,31,29,2,7946,4461,3485,78.12149742210266,22.569781749886666,14.282786885245901,PP,1135,1819,-684,-37.60307861462342,-4.42976491159899,1375,1429,-54,-3.778866340097971,-0.3497182824946571,1151,1020,131,12.84313725490196,0.8483906482740755,383,210,173,82.38095238095238,1.120393756881031,422,2539,-2117,-83.37928318235525,-13.710251926688684
24,46, Salamanca, Castellana,249,0.020691374439089246,12034,12485,-451,12,2110,3128,-1018,28,36,-8,21,11,10,7219,4803,2416,50.30189464917759,20.076450058168522,9.70281124497992,PP,473,800,-327,-40.875,-2.717300980555094,1342,1418,-76,-5.359661495063469,-0.6315439587834469,414,382,32,8.37696335078534,0.2659132458035566,118,97,21,21.649484536082475,0.174505567558584,283,1745,-1462,-83.78223495702005,-12.148911417649993
25,51, Chamartín, El Viso,191,0.014805053871792885,12901,12977,-76,12,1873,2923,-1050,32,42,-10,17,9,8,8125,5049,3076,60.9229550406021,23.84311293698163,16.104712041884817,PP,578,929,-351,-37.78256189451022,-2.7207193240834044,1314,1341,-27,-2.013422818791946,-0.20928610185256957,488,390,98,25.128205128205128,0.759631036353771,127,85,42,49.411764705882355,0.32555615843733043,309,2168,-1859,-85.74723247232473,-14.409735679404697
26,52, Chamartín, Prosperidad,237,0.008334505556337038,28436,28925,-489,28,5191,7311,-2120,150,98,52,82,68,14,12342,6303,6039,95.81151832460732,21.23716415810944,25.481012658227847,PP,3039,4623,-1584,-34.26346528228423,-5.5704037136024755,1895,1989,-94,-4.725992961287079,-0.33056688704459136,3328,2710,618,22.804428044280442,2.1733014488676328,1187,750,437,58.266666666666666,1.5367843578562386,1011,4884,-3873,-79.2997542997543,-13.620059080039388
27,53, Chamartín, Ciudad Jardín,181,0.012867908431679226,14066,14321,-255,14,2869,3817,-948,41,40,1,34,22,12,5679,3013,2666,88.48323929638234,18.953504905445755,14.7292817679558,PP,1492,2325,-833,-35.82795698924731,-5.922081615242428,924,905,19,2.0994475138121547,0.13507749182425707,1762,1482,280,18.89338731443995,1.9906156689890517,674,417,257,61.63069544364509,1.8271008104649509,517,2196,-1679,-76.45719489981785,-11.936584672259348
28,54, Chamartín, Hispanoamérica,285,0.011663597298956415,24435,24703,-268,24,4068,5782,-1714,63,75,-12,50,36,14,13382,7488,5894,78.71260683760684,24.121137712297934,20.680701754385964,PP,1630,2692,-1062,-39.45022288261516,-4.346224677716391,2151,2197,-46,-2.0937642239417387,-0.18825455289543688,1610,1242,368,29.629629629629626,1.506036423163495,510,373,137,36.72922252010724,0.560671168405975,875,4699,-3824,-81.37901681208768,-15.649682832003272
29,55, Chamartín, Nueva España,181,0.010009401094951059,18083,18189,-106,18,2715,4126,-1411,41,55,-14,26,25,1,10694,6060,4634,76.46864686468648,25.626278825416136,25.60220994475138,PP,979,1633,-654,-40.048989589712185,-3.6166565282309353,1717,1738,-21,-1.2082853855005753,-0.11613117292484654,952,755,197,26.092715231788077,1.0894210031521319,277,187,90,48.1283422459893,0.4977050268207709,622,3522,-2900,-82.33957978421351,-16.037161975335952
30,56, Chamartín, Castilla,118,0.009032455603184324,13064,13138,-74,13,2283,3242,-959,34,52,-18,23,39,-16,6649,3505,3144,89.70042796005706,24.06613594611145,26.64406779661017,PP,1070,1638,-568,-34.676434676434674,-4.3478260869565215,1072,1125,-53,-4.711111111111111,-0.40569503980404165,1027,936,91,9.722222222222223,0.696570728720147,325,172,153,88.95348837209302,1.1711573790569503,466,2350,-1884,-80.17021276595744,-14.421310471524801
31,61, Tetuán, Bellas Vistas,167,0.008592745047594545,19435,19607,-172,19,5900,7363,-1463,63,73,-10,53,39,14,5713,2755,2958,107.36842105263158,15.219963982505789,17.7125748502994,PSOE,2395,3381,-986,-29.162969535640343,-5.0733213275019295,957,899,58,6.451612903225806,0.2984306663236429,2555,2224,331,14.883093525179856,1.7031129405711345,1137,637,500,78.49293563579278,2.572678157962439,518,2091,-1573,-75.22716403634625,-8.093645484949832
32,62, Tetuán, Cuatro Caminos,428,0.01651871864145118,25910,26071,-161,25,5606,7605,-1999,92,84,8,83,65,18,11513,5996,5517,92.01134089392929,21.29293708992667,12.89018691588785,PP,2397,3530,-1133,-32.096317280453256,-4.372829023543034,1900,1946,-46,-2.36382322713258,-0.17753763025858743,2506,2083,423,20.307249159865577,1.6325742956387495,885,588,297,50.51020408163265,1.146275569278271,784,4003,-3219,-80.41468898326255,-12.423774604399846
33,63, Tetuán, Castillejos,264,0.016923076923076923,15600,15687,-87,15,3304,4538,-1234,42,52,-10,28,34,-6,7250,3858,3392,87.92120269569725,21.743589743589745,12.848484848484848,PP,1285,1913,-628,-32.828018818609515,-4.0256410256410255,1261,1304,-43,-3.2975460122699385,-0.2756410256410256,1288,1142,146,12.784588441331,0.935897435897436,445,302,143,47.35099337748344,0.9166666666666666,489,2435,-1946,-79.91786447638603,-12.474358974358974
34,64, Tetuán, Almenara,115,0.006971387002909796,16496,16770,-274,16,4991,6769,-1778,39,40,-1,71,58,13,4750,2019,2731,135.2649826646855,16.55552861299709,23.747826086956522,PSOE,1995,2693,-698,-25.919049387300408,-4.2313288069835115,1054,900,154,17.11111111111111,0.9335596508244423,2030,1802,228,12.652608213096558,1.3821532492725508,1045,660,385,58.333333333333336,2.333899127061106,402,1696,-1294,-76.29716981132076,-7.844325897187197
35,65, Tetuán, Valdeacederas,111,0.006378577175037352,17402,17265,137,17,5521,6857,-1336,65,57,8,79,54,25,4652,1754,2898,165.2223489167617,16.653258246178602,26.10810810810811,PSOE,2111,3015,-904,-29.98341625207297,-5.194805194805195,878,777,101,12.998712998713,0.5803930582691644,2498,2103,395,18.78269139324774,2.2698540397655442,1031,640,391,61.09375,2.246868176071716,422,1874,-1452,-77.48132337246531,-8.34386852085967
36,66, Tetuán, Berruguete,118,0.00707052549583558,16689,16393,296,16,5148,6118,-970,50,44,6,68,49,19,4751,2170,2581,118.94009216589862,15.465276529450536,21.872881355932204,PSOE,1966,2883,-917,-31.807145334720776,-5.494637186170531,882,844,38,4.502369668246446,0.22769488884894243,2360,1911,449,23.495552066980636,2.69039487087303,960,543,417,76.79558011049724,2.498651806579184,390,1735,-1345,-77.52161383285303,-8.059200671100724
37,71, Chamberí, Gaztambide,269,0.01503045203106666,17897,18241,-344,17,3490,4788,-1298,62,58,4,54,47,7,7639,4324,3315,76.66512488436634,18.522657428619322,12.323420074349443,PP,1709,2710,-1001,-36.93726937269373,-5.593116164720344,1321,1338,-17,-1.2705530642750373,-0.09498798681343243,2143,1790,353,19.72067039106145,1.972397608537744,715,470,245,52.12765957446809,1.3689445158406437,672,2612,-1940,-74.27258805513017,-10.839805554003465
38,72, Chamberí, Arapiles,237,0.012583625358394393,18834,19238,-404,18,3736,5058,-1322,111,71,40,65,47,18,7552,4011,3541,88.28222388431813,18.801104385685463,14.940928270042194,PP,2000,3170,-1170,-36.90851735015773,-6.212169480726346,1155,1187,-32,-2.695871946082561,-0.16990549007114794,2531,2179,352,16.154199173932994,1.868960390782627,894,518,376,72.58687258687259,1.996389508335988,684,2873,-2189,-76.19213365819701,-11.622597430179463
39,73, Chamberí, Trafalgar,338,0.018096155905343185,18678,19030,-352,18,3798,5211,-1413,70,67,3,59,30,29,7271,3727,3544,95.08988462570433,18.974194239211908,10.485207100591715,PP,1965,3061,-1096,-35.80529238810846,-5.867865938537316,1077,1112,-35,-3.147482014388489,-0.18738622978905664,2708,2299,409,17.7903436276642,2.189741942392119,937,601,336,55.906821963394336,1.7989078059749437,691,2812,-2121,-75.42674253200569,-11.355605525216832
40,74, Chamberí, Almagro,274,0.01875171092252943,14612,14950,-338,14,2508,3650,-1142,36,43,-7,30,15,15,7981,4916,3065,62.34743694060212,20.975910210785656,11.186131386861314,PP,1002,1672,-670,-40.07177033492823,-4.585272378866685,1250,1315,-65,-4.942965779467681,-0.4448398576512456,980,828,152,18.357487922705314,1.0402408978921434,322,189,133,70.37037037037037,0.9102107856556254,464,2262,-1798,-79.48717948717949,-12.304954831645224
41,75, Chamberí, Ríos Rosas,314,0.014951668968144373,21001,21354,-353,21,4027,5481,-1454,71,69,2,33,46,-13,9720,5146,4574,88.88457054022541,21.779915242131327,14.566878980891719,PP,1897,3017,-1120,-37.12296983758701,-5.333079377172516,1494,1536,-42,-2.734375,-0.19999047664396932,2188,1915,273,14.255874673629243,1.2999380981858006,760,463,297,64.14686825053995,1.4142183705537832,730,3568,-2838,-79.54035874439462,-13.513642207513929
42,76, Chamberí, Vallehermoso,167,0.010327767470624614,16170,16385,-215,16,2474,3549,-1075,59,44,15,45,29,16,8310,4935,3375,68.38905775075987,20.871985157699445,20.209580838323355,PP,1276,1936,-660,-34.090909090909086,-4.081632653061225,1401,1516,-115,-7.585751978891821,-0.7111935683364254,1457,1232,225,18.262987012987015,1.391465677179963,462,268,194,72.38805970149254,1.199752628324057,603,2787,-2184,-78.36383207750269,-13.506493506493506
43,81, Fuencarral-El Pardo, El Pardo,47,0.016549295774647886,2840,2893,-53,2,712,956,-244,8,6,2,14,11,3,1156,559,597,106.79785330948121,21.02112676056338,12.702127659574469,PP,242,350,-108,-30.857142857142854,-3.8028169014084505,347,347,0,0.0,0.0,216,179,37,20.670391061452513,1.3028169014084507,89,69,20,28.985507246376812,0.7042253521126761,44,389,-345,-88.68894601542416,-12.147887323943662
44,82, Fuencarral-El Pardo, Fuentelarreina,4,0.0016032064128256513,2495,2451,44,2,362,511,-149,11,3,8,3,2,1,1528,1002,526,52.49500998003992,21.082164328657317,131.5,PP,124,189,-65,-34.39153439153439,-2.6052104208416833,162,249,-87,-34.93975903614458,-3.486973947895792,74,50,24,48.0,0.9619238476953907,24,28,-4,-14.285714285714285,-0.16032064128256512,77,405,-328,-80.98765432098766,-13.146292585170341
45,83, Fuencarral-El Pardo, Peñagrande,136,0.003906586619940827,34813,35212,-399,34,6961,9458,-2497,120,109,11,108,90,18,13726,6608,7118,107.7179176755448,20.446384971131472,52.338235294117645,PSOE,4571,6632,-2061,-31.076598311218333,-5.920202223307385,2237,2081,156,7.496395963479097,0.4481084652285066,4304,3553,751,21.137067267098228,2.157240111452618,1448,1046,402,38.4321223709369,1.1547410450119209,1161,5421,-4260,-78.58328721638074,-12.236808088932296
46,84, Fuencarral-El Pardo, Pilar,257,0.0071896156213282604,35746,36618,-872,35,8726,11747,-3021,136,123,13,137,135,2,12192,6029,6163,102.22259081107978,17.241089912158003,23.980544747081712,PSOE,4961,7020,-2059,-29.33048433048433,-5.760085044480501,2012,1877,135,7.192328183271178,0.377664633805181,4436,3630,806,22.203856749311296,2.2547977396072287,1822,1302,520,39.93855606758833,1.454708219101438,989,4475,-3486,-77.89944134078213,-9.752140099591562
47,85, Fuencarral-El Pardo, La Paz,111,0.004055387088524351,27371,28209,-838,27,4168,6059,-1891,95,95,0,53,52,1,12698,6908,5790,83.81586566299943,21.153775894194585,52.16216216216216,PP,3494,5026,-1532,-30.481496219657778,-5.597164882539914,1924,1956,-32,-1.6359918200409,-0.11691206020971101,2882,2262,620,27.409372236958447,2.2651711665631504,807,576,231,40.10416666666667,0.8439589346388514,1112,5115,-4003,-78.26001955034214,-14.624968031858538
48,86, Fuencarral-El Pardo, Valverde,331,0.007973405921036784,41513,41115,398,41,8532,12269,-3737,179,119,60,149,84,65,16575,6125,10450,170.6122448979592,25.172837424421267,31.570996978851962,PSOE,4518,6599,-2081,-31.53508107288983,-5.012887529207718,2841,2758,83,3.009427121102248,0.19993736901693446,4925,4035,890,22.057001239157373,2.1439067280129116,1853,1188,665,55.97643097643098,1.6019078360995351,1601,7631,-6030,-79.01978770803302,-14.52557030327849
49,87, Fuencarral-El Pardo, Mirasierra,84,0.0033958602846054335,24736,23783,953,24,3381,4825,-1444,87,86,1,63,36,27,12884,6150,6734,109.4959349593496,27.22347994825356,80.16666666666667,PP,1981,3020,-1039,-34.40397350993378,-4.20035575679172,2375,2516,-141,-5.604133545310016,-0.570019404915912,2112,1625,487,29.96923076923077,1.96879042690815,616,489,127,25.971370143149286,0.5134217335058214,1117,4915,-3798,-77.2736520854527,-15.354139715394567
50,88, Fuencarral-El Pardo, El Goloso,115,0.009877179421111397,11643,11286,357,11,1681,2689,-1008,48,33,15,31,13,18,5933,2295,3638,158.51851851851853,31.24624237739414,31.63478260869565,PP,859,1392,-533,-38.29022988505747,-4.577857940393369,1104,1194,-90,-7.537688442211055,-0.7729966503478485,1053,868,185,21.313364055299537,1.5889375590483552,315,209,106,50.717703349282296,0.9104182770763549,564,2535,-1971,-77.75147928994083,-16.928626642617882
51,91, Moncloa-Aravaca, Casa de Campo,176,0.01680672268907563,10472,10540,-68,10,2118,2667,-549,36,33,3,52,30,22,3552,1882,1670,88.73538788522848,15.947288006111535,9.488636363636363,PSOE,1239,1937,-698,-36.03510583376355,-6.665393430099313,598,584,14,2.3972602739726026,0.1336898395721925,1813,1503,310,20.625415834996673,2.9602750190985483,651,350,301,86.0,2.874331550802139,357,1450,-1093,-75.37931034482759,-10.437356760886173
52,92, Moncloa-Aravaca, Argüelles,286,0.01559347909056213,18341,18863,-522,18,3612,4896,-1284,45,50,-5,44,30,14,8110,4719,3391,71.85844458571732,18.488632026607053,11.856643356643357,PP,1611,2600,-989,-38.03846153846154,-5.39229049670138,1505,1557,-52,-3.339755940912011,-0.28351780164658413,2055,1819,236,12.97416162726773,1.2867346382421896,576,406,170,41.87192118226601,0.926885120767679,607,2658,-2051,-77.16328066215199,-11.182596368791232
53,93, Moncloa-Aravaca, Ciudad Universitaria,278,0.02232214549542316,12454,12551,-97,12,2081,2834,-753,42,43,-1,32,28,4,6034,3414,2620,76.7428236672525,21.03741769712542,9.424460431654676,PP,1125,1729,-604,-34.933487565066514,-4.849847438573953,970,970,0,0.0,0.0,1210,984,226,22.96747967479675,1.8146780150955517,459,324,135,41.66666666666667,1.0839890798137144,441,2135,-1694,-79.34426229508198,-13.602055564477276
54,94, Moncloa-Aravaca, Valdezarza,85,0.0037140609979900378,22886,22887,-1,22,4954,6652,-1698,87,93,-6,111,59,52,7525,3576,3949,110.43064876957493,17.25509044830901,46.45882352941177,PSOE,3270,4672,-1402,-30.00856164383562,-6.126015904920038,1283,1063,220,20.696142991533396,0.9612863759503626,3471,2681,790,29.466616933979857,3.4518919863672117,1381,888,493,55.518018018018026,2.154155378834222,661,3017,-2356,-78.09081869406695,-10.294503189722974
55,95, Moncloa-Aravaca, Valdemarín,52,0.011915673693858845,4364,4205,159,4,534,851,-317,4,3,1,11,5,6,2888,1648,1240,75.24271844660194,28.41429880843263,23.846153846153847,PP,129,221,-92,-41.6289592760181,-2.1081576535288726,558,562,-4,-0.7117437722419928,-0.09165902841429881,92,65,27,41.53846153846154,0.618698441796517,28,20,8,40.0,0.18331805682859761,113,808,-695,-86.01485148514851,-15.925756186984419
56,96, Moncloa-Aravaca, El Plantío,44,0.021600392734413353,2037,1958,79,2,290,449,-159,6,2,4,3,4,-1,1197,698,499,71.48997134670488,24.496809032891505,11.340909090909092,PP,109,146,-37,-25.34246575342466,-1.8163966617574867,251,236,15,6.3559322033898304,0.7363770250368188,91,80,11,13.750000000000002,0.5400098183603338,31,23,8,34.78260869565217,0.39273441335297005,56,315,-259,-82.22222222222221,-12.714776632302405
57,97, Moncloa-Aravaca, Aravaca,98,0.005092761004001455,19243,18608,635,19,2688,3882,-1194,58,63,-5,31,27,4,10015,5336,4679,87.68740629685158,24.31533544665593,47.744897959183675,PP,1557,2306,-749,-32.48048568950564,-3.892324481629684,1787,1751,36,2.055968018275271,0.18708101647352285,1704,1527,177,11.591355599214145,0.9198149976614873,640,370,270,72.97297297297297,1.4031076235514213,678,3267,-2589,-79.24701561065197,-13.454243101387517
58,101, Latina, Cármenes,67,0.005420711974110032,12360,12507,-147,12,3552,4595,-1043,34,24,10,67,32,35,3214,1353,1861,137.54619364375463,15.05663430420712,27.776119402985074,PSOE,1620,2406,-786,-32.66832917705736,-6.359223300970873,686,607,79,13.01482701812191,0.63915857605178,1946,1621,325,20.049352251696483,2.629449838187702,929,502,427,85.0597609561753,3.454692556634304,232,1287,-1055,-81.97358197358197,-8.535598705501618
59,102, Latina, Puerta del Angel,231,0.007998614958448754,28880,29419,-539,28,8723,11053,-2330,76,66,10,102,79,23,7875,3909,3966,101.45817344589409,13.732686980609419,17.16883116883117,PSOE,3444,5185,-1741,-33.57762777242044,-6.028393351800554,1414,1273,141,11.076197957580519,0.4882271468144044,4317,3539,778,21.983611189601582,2.693905817174515,2131,1259,872,69.2613185067514,3.0193905817174516,562,2784,-2222,-79.8132183908046,-7.693905817174515
60,103, Latina, Lucero,144,0.005730430976162999,25129,25877,-748,25,6878,8960,-2082,76,67,9,93,81,12,7254,3823,3431,89.74627256081611,13.653547693899478,23.82638888888889,PSOE,3336,4799,-1463,-30.48551781621171,-5.82195869314338,1407,1078,329,30.519480519480517,1.3092442994150184,3584,2934,650,22.154055896387185,2.586652871184687,1780,1169,611,52.266894781864835,2.431453698913606,575,2780,-2205,-79.31654676258992,-8.774722432249591
61,104, Latina, Aluche,329,0.0067777754887620775,48541,49200,-659,48,12178,15588,-3410,183,139,44,178,147,31,15581,8546,7035,82.31921366721274,14.492902906821037,21.382978723404257,PSOE,6871,9743,-2872,-29.477573642615212,-5.916647782287138,2487,2372,115,4.8482293423271505,0.2369131249871243,6460,5167,1293,25.024191987613705,2.663727570507406,2899,1745,1154,66.13180515759312,2.377371706392534,1059,5347,-4288,-80.19450158967646,-8.833769390824251
62,105, Latina, Campamento,63,0.004762984803810388,13227,13509,-282,13,3254,4190,-936,52,43,9,46,54,-8,4871,2712,2159,79.60914454277285,16.322673319724807,34.26984126984127,PP,1433,2011,-578,-28.741919443063153,-4.369849550162546,1102,1092,10,0.9157509157509158,0.07560293339381569,1450,1238,212,17.12439418416801,1.6027821879488924,601,396,205,51.76767676767676,1.5498601345732215,323,1643,-1320,-80.34083992696287,-9.97958720798367
63,106, Latina, Cuatro Vientos,18,0.004452139500371012,4043,4001,42,4,962,1277,-315,18,5,13,23,11,12,1287,344,943,274.1279069767442,23.32426416027702,52.388888888888886,PSOE,503,734,-231,-31.471389645776565,-5.713579025476132,252,231,21,9.090909090909092,0.5194162750432847,648,514,134,26.07003891050584,3.314370516942864,215,151,64,42.384105960264904,1.5829829334652485,108,698,-590,-84.5272206303725,-14.59312391788276
64,107, Latina, Las Águilas,183,0.0046615890159716735,39257,39796,-539,39,9350,12083,-2733,167,106,61,201,134,67,11801,5809,5992,103.15028404200379,15.263519881804518,32.743169398907106,PSOE,5881,8615,-2734,-31.735345327916427,-6.964363043533638,2425,2158,267,12.3725671918443,0.6801334793794738,5807,4584,1223,26.679755671902267,3.1153679598542934,2490,1603,887,55.333749220212106,2.259469648725068,863,4356,-3493,-80.188246097337,-8.897776192780906
65,111, Carabanchel, Comillas,124,0.0077306733167082295,16040,16262,-222,16,4556,5928,-1372,40,48,-8,68,52,16,4623,2280,2343,102.76315789473685,14.607231920199501,18.89516129032258,PSOE,2031,2926,-895,-30.58783321941217,-5.579800498753118,829,792,37,4.671717171717172,0.23067331670822944,2361,1862,499,26.799140708915143,3.110972568578554,1153,648,505,77.9320987654321,3.148379052369078,297,1627,-1330,-81.74554394591273,-8.291770573566085
66,112, Carabanchel, Opañel,176,0.007791402895214485,22589,22769,-180,22,6653,8444,-1791,79,55,24,79,58,21,6416,3067,3349,109.19465275513531,14.825800168223472,19.02840909090909,PSOE,2915,4180,-1265,-30.263157894736842,-5.600070830935411,1141,1035,106,10.241545893719808,0.4692549470981451,3248,2680,568,21.19402985074627,2.5144982070919477,1430,785,645,82.16560509554141,2.8553720837575813,458,2287,-1829,-79.973764757324,-8.096861304174597
67,113, Carabanchel, San Isidro,169,0.0063452729593752345,26634,26715,-81,26,8829,11001,-2172,90,75,15,116,78,38,6599,3061,3538,115.58314276380268,13.28377262146129,20.93491124260355,PSOE,3466,4812,-1346,-27.97173732335827,-5.053690771194713,1283,1070,213,19.906542056074766,0.7997296688443343,3759,3048,711,23.326771653543307,2.669520162198693,1829,1052,777,73.85931558935361,2.9173237215589096,466,2308,-1842,-79.80935875216637,-6.915972065780582
68,114, Carabanchel, Vista Alegre,329,0.01070719562599668,30727,31087,-360,30,10128,12207,-2079,80,92,-12,111,107,4,8593,4440,4153,93.53603603603604,13.515800436098546,12.623100303951368,PSOE,3929,5650,-1721,-30.460176991150444,-5.600937286425619,1543,1426,117,8.20476858345021,0.3807726104077847,3822,3146,676,21.487603305785125,2.2000195268005336,1761,1061,700,65.97549481621112,2.278126728935464,527,2767,-2240,-80.95410191543188,-7.290005532593484
69,115, Carabanchel, Puerta Bonita,129,0.005716564743419303,22566,22651,-85,22,7945,9661,-1716,71,56,15,68,51,17,5522,2514,3008,119.64996022275258,13.329788176903307,23.31782945736434,PSOE,2999,4156,-1157,-27.83926852743022,-5.127182486927236,1130,1011,119,11.770524233432244,0.527342018966587,2862,2190,672,30.684931506849317,2.977931401223079,1402,830,572,68.9156626506024,2.534786847469644,400,1979,-1579,-79.7877716018191,-6.997252503766729
70,116, Carabanchel, Buenavista,234,0.00732486070243536,31946,31621,325,31,8022,10376,-2354,164,116,48,150,92,58,9236,3321,5915,178.10900331225534,18.515620108933824,25.27777777777778,PSOE,4289,6309,-2020,-32.0177524171818,-6.323170349965566,1834,1610,224,13.91304347826087,0.701183246728855,5161,3997,1164,29.12184138103578,3.6436486571088715,1949,1323,626,47.316704459561606,1.9595567520190322,887,4198,-3311,-78.87089090042878,-10.364364865710888
71,117, Carabanchel, Abrantes,127,0.00633574457470691,20045,20190,-145,20,6440,8070,-1630,81,49,32,93,64,29,5306,2345,2961,126.26865671641792,14.771763532052882,23.31496062992126,PSOE,2660,3855,-1195,-30.99870298313878,-5.961586430531304,1114,956,158,16.527196652719663,0.7882264903966075,2613,2009,604,30.06470881035341,3.013220254427538,1185,716,469,65.5027932960894,2.3397355949114496,425,1954,-1529,-78.24974411463664,-7.627837365926665
72,121, Usera, Orcasitas,70,0.004134672179562906,16930,16932,-2,16,4879,6040,-1161,58,49,9,71,50,21,3618,1147,2471,215.4315605928509,14.595392793857059,35.3,PSOE,2501,3539,-1038,-29.330319299237072,-6.131128174837566,898,653,245,37.519142419601835,1.447135262847017,3302,3023,279,9.229242474363215,1.6479621972829297,1158,693,465,67.09956709956711,2.746603662138216,294,1605,-1311,-81.6822429906542,-7.7436503248671
73,122, Usera, Orcasur,52,0.005478874723422189,9491,9534,-43,9,3555,4607,-1052,28,19,9,44,27,17,1847,598,1249,208.8628762541806,13.159835633758297,24.01923076923077,PSOE,1311,1777,-466,-26.223972988182332,-4.909914655989885,539,323,216,66.87306501547987,2.2758402697292173,1350,1121,229,20.428189116859947,2.412812137814772,577,304,273,89.80263157894737,2.8764092297966495,152,679,-527,-77.61413843888072,-5.552628806237489
74,123, Usera, San Fermín,92,0.006045472466815613,15218,15171,47,15,5391,6267,-876,64,45,19,56,44,12,3382,1287,2095,162.78166278166276,13.766592193455118,22.77173913043478,PSOE,2134,2980,-846,-28.389261744966444,-5.559206203180444,744,663,81,12.217194570135746,0.5322644237087659,2200,1738,462,26.582278481012654,3.035878564857406,885,596,289,48.48993288590604,1.8990668944670785,259,1426,-1167,-81.83730715287517,-7.668550400841109
75,124, Usera, Almendrales,136,0.010225563909774436,13300,12976,324,13,4713,5849,-1136,34,33,1,44,24,20,3248,1332,1916,143.84384384384384,14.406015037593987,14.088235294117647,PSOE,1770,2348,-578,-24.61669505962521,-4.345864661654136,580,438,142,32.42009132420091,1.0676691729323309,1767,1307,460,35.19510328997705,3.4586466165413534,774,387,387,100.0,2.9097744360902253,250,1143,-893,-78.12773403324584,-6.714285714285714
76,125, Usera, Moscardó,199,0.012260489187357526,16231,16551,-320,16,5244,6555,-1311,35,37,-2,70,45,25,4194,2077,2117,101.92585459797785,13.042942517404965,10.638190954773869,PSOE,2103,3044,-941,-30.913272010512483,-5.7975479021625285,791,660,131,19.848484848484848,0.807097529419013,2245,1878,367,19.54206602768903,2.261105292341815,1114,642,472,73.5202492211838,2.908015525845604,316,1456,-1140,-78.2967032967033,-7.023596820898281
77,126, Usera, Zofio,55,0.006124039639238392,8981,9082,-101,8,2970,3710,-740,31,25,6,42,19,23,1913,847,1066,125.85596221959858,11.869502282596594,19.381818181818183,PSOE,1328,1803,-475,-26.34498058790904,-5.288943324796793,425,321,104,32.398753894081,1.1580002226923505,1341,1118,223,19.94633273703041,2.483019708273021,711,409,302,73.83863080684596,3.362654492818172,158,756,-598,-79.1005291005291,-6.658501280481015
78,127, Usera, Pradolongo,126,0.013253392237298833,9507,9765,-258,9,3767,4820,-1053,21,14,7,38,19,19,2088,937,1151,122.83884738527216,12.106868623119807,9.134920634920634,PSOE,1325,1755,-430,-24.501424501424502,-4.522983065109918,405,358,47,13.128491620111731,0.4943725675817819,1073,858,215,25.058275058275058,2.261491532554959,554,304,250,82.23684210526315,2.6296413169243715,127,636,-509,-80.0314465408805,-5.3539497212580205
79,131, Puente de Vallecas, Entrevías,162,0.0066265799484599335,24447,24726,-279,24,8682,11084,-2402,91,50,41,135,62,73,3781,1317,2464,187.0918754745634,10.078946291978566,15.209876543209877,PSOE,4233,5538,-1305,-23.564463705308775,-5.338078291814947,1108,702,406,57.83475783475783,1.6607354685646498,3548,2877,671,23.32290580465763,2.744713052726306,2350,1440,910,63.19444444444444,3.7223381191966296,307,1455,-1148,-78.90034364261169,-4.695872704217286
80,132, Puente de Vallecas, San Diego,236,0.009517664139377319,24796,25038,-242,24,9742,12190,-2448,70,56,14,78,46,32,4204,1607,2597,161.60547604231488,10.473463461848684,11.004237288135593,PSOE,3476,4594,-1118,-24.336090552895083,-4.508791740603323,1052,738,314,42.54742547425474,1.2663332795612194,3371,2838,533,18.780831571529248,2.149540248427166,2245,1224,1021,83.41503267973856,4.11759961284078,315,1529,-1214,-79.39829954218443,-4.895950959832231
81,133, Puente de Vallecas, Palomeras Bajas,129,0.004385070365082603,29418,29568,-150,29,7866,10031,-2165,89,96,-7,126,98,28,5448,2162,3286,151.98889916743755,11.170031953225916,25.472868217054263,PSOE,4675,6659,-1984,-29.79426340291335,-6.744170235909987,1179,826,353,42.7360774818402,1.1999456115303555,5745,4890,855,17.484662576687114,2.9063838466245153,3509,2148,1361,63.36126629422719,4.626419199129785,560,2422,-1862,-76.878612716763,-6.329458154871167
82,134, Puente de Vallecas, Palomeras Sureste,159,0.005027826966860612,31624,31979,-355,31,9236,12088,-2852,124,85,39,141,84,57,5909,1938,3971,204.9019607843137,12.556918795851251,24.9748427672956,PSOE,5379,7316,-1937,-26.47621651175506,-6.125094864659752,1562,1065,497,46.666666666666664,1.5715911965595752,5446,4646,800,17.219113215669392,2.5297242600556538,3029,1831,1198,65.42872747132714,3.7882620794333417,525,2674,-2149,-80.36649214659685,-6.7954717935745
83,135, Puente de Vallecas, Portazgo,132,0.0064591896652965355,20436,20722,-286,20,6816,8442,-1626,83,53,30,91,58,33,3833,1640,2193,133.71951219512195,10.731062830299471,16.613636363636363,PSOE,3169,4244,-1075,-25.32987747408105,-5.260324916813467,990,676,314,46.44970414201183,1.5365042082599334,3039,2974,65,2.1856086079354404,0.3180661577608142,2002,1059,943,89.04627006610009,4.614405950283813,254,1422,-1168,-82.13783403656821,-5.715404188686631
84,136, Puente de Vallecas, Numancia,194,0.006115629531555387,31722,32208,-486,31,10716,13353,-2637,112,74,38,134,100,34,6734,2902,3832,132.04686423156446,12.079944518000126,19.75257731958763,PSOE,4529,6331,-1802,-28.463117990838732,-5.680600214362272,1456,1135,321,28.28193832599119,1.0119160204274635,4541,3906,635,16.25704045058884,2.0017653363596244,2691,1644,1047,63.68613138686131,3.3005485152260263,501,2486,-1985,-79.84714400643604,-6.25748691759662
85,141, Moratalaz, Pavones,35,0.005046863734679163,6935,7030,-95,6,1778,2273,-495,29,22,7,24,23,1,1885,749,1136,151.66889185580774,16.380677721701513,32.457142857142856,PSOE,1086,1620,-534,-32.96296296296296,-7.700072098053353,353,332,21,6.325301204819277,0.3028118240807498,1113,874,239,27.34553775743707,3.446286950252343,457,286,171,59.79020979020979,2.4657534246575343,158,799,-641,-80.22528160200251,-9.242970439798126
86,142, Moratalaz, Horcajo,12,0.0024575056317837395,4883,4831,52,4,911,1269,-358,16,24,-8,17,14,3,1564,530,1034,195.0943396226415,21.175506860536554,86.16666666666667,PSOE,697,1020,-323,-31.666666666666664,-6.614785992217899,270,255,15,5.88235294117647,0.3071882039729675,862,653,209,32.00612557427259,4.280155642023346,298,173,125,72.25433526011561,2.559901699774729,218,862,-644,-74.70997679814386,-13.188613557239401
87,143, Moratalaz, Marroquina,139,0.0062807826126248245,22131,22629,-498,22,4265,5692,-1427,96,98,-2,92,56,36,8092,4213,3879,92.07215760740564,17.52745018300122,27.906474820143885,PSOE,3092,4667,-1575,-33.74758945789586,-7.1167141114274095,1176,1126,50,4.440497335701599,0.22592743210880667,3338,2622,716,27.307398932112893,3.2352808277981113,1172,821,351,42.752740560292324,1.5860105734038226,679,3170,-2491,-78.58044164037855,-11.255704667660748
88,144, Moratalaz, Media Legua,64,0.004617271481134117,13861,14248,-387,13,3380,4462,-1082,48,49,-1,50,35,15,4631,2535,2096,82.68244575936883,15.121564100714235,32.75,PSOE,1843,2621,-778,-29.683326974437236,-5.612870644253661,775,704,71,10.085227272727272,0.5122285549383161,1860,1513,347,22.934567085261072,2.503426881177404,854,531,323,60.8286252354049,2.330279200634875,338,1679,-1341,-79.86896962477665,-9.674626650313831
89,145, Moratalaz, Fontarrón,51,0.00405824779183576,12567,12781,-214,12,3747,4801,-1054,41,30,11,41,26,15,3267,1589,1678,105.60100692259282,13.352430970000794,32.90196078431372,PSOE,1789,2520,-731,-29.00793650793651,-5.81682183496459,613,518,95,18.33976833976834,0.7559481180870533,1860,1527,333,21.807465618860512,2.649797087610408,900,529,371,70.13232514177695,2.9521763348452295,228,1133,-905,-79.87643424536628,-7.201400493355614
90,146, Moratalaz, Vinateros,39,0.003007866728366497,12966,13200,-234,12,3156,4024,-868,49,34,15,60,53,7,3910,2119,1791,84.52100047192071,13.813049514113837,45.92307692307692,PSOE,1912,2799,-887,-31.689889246159343,-6.84096868733611,632,553,79,14.285714285714285,0.6092858244639827,1969,1479,490,33.130493576741046,3.7791146074348294,917,616,301,48.86363636363637,2.321456115995681,289,1411,-1122,-79.51807228915662,-8.653401203146691
91,151, Ciudad Lineal, Ventas,215,0.006178693565537259,34797,35252,-455,34,10158,12855,-2697,110,95,15,145,117,28,10252,4991,5261,105.40973752754958,15.119119464321637,24.469767441860466,PSOE,4607,6660,-2053,-30.825825825825824,-5.899933902347904,1691,1508,183,12.13527851458886,0.5259074058108458,4654,3685,969,26.295793758480322,2.784722820932839,2088,1255,833,66.37450199203188,2.3938845302755984,819,3809,-2990,-78.49829351535837,-8.592694772537863
92,152, Ciudad Lineal, Pueblo Nuevo,310,0.007011829635158671,44211,44525,-314,44,12595,16248,-3653,146,125,21,184,135,49,12750,5967,6783,113.67521367521367,15.342335617832667,21.88064516129032,PSOE,6306,8580,-2274,-26.503496503496503,-5.143516319468006,2212,1839,373,20.282762370853725,0.8436814367465111,5849,4850,999,20.5979381443299,2.2596186469430686,2571,1503,1068,71.05788423153693,2.4156884033385357,1131,4949,-3818,-77.14689836330571,-8.635859853882517
93,153, Ciudad Lineal, Quintana,173,0.00993967250790003,17405,17730,-325,17,4979,6390,-1411,37,54,-17,63,51,12,4975,2607,2368,90.83237437667817,13.605285837403045,13.6878612716763,PSOE,2353,3117,-764,-24.510747513634907,-4.389543234702672,962,853,109,12.778429073856975,0.6262568227520827,2255,1852,403,21.76025917926566,2.3154266015512786,981,583,398,68.26758147512865,2.2866992243608157,450,2059,-1609,-78.14473045167557,-9.244469979890836
94,154, Ciudad Lineal, Concepción,163,0.010548113634892902,15453,15688,-235,15,3775,4999,-1224,50,56,-6,64,49,15,5531,2607,2924,112.15957038741848,18.921892189218923,17.938650306748468,PSOE,1691,2661,-970,-36.45246148064638,-6.277098298065101,945,872,73,8.371559633027523,0.47240018119459004,1872,1626,246,15.129151291512915,1.5919238982721802,819,469,350,74.6268656716418,2.2649323755905,515,2224,-1709,-76.84352517985612,-11.059341228240472
95,155, Ciudad Lineal, San Pascual,101,0.007176863497477439,14073,14372,-299,14,2889,3775,-886,48,50,-2,49,41,8,5644,2778,2866,103.16774658027357,20.365238399772615,28.376237623762375,PP,1770,2699,-929,-34.42015561319007,-6.601293256590635,815,825,-10,-1.2121212121212122,-0.0710580544304697,1689,1406,283,20.12802275960171,2.0109429403822925,627,434,193,44.47004608294931,1.3714204505080652,458,2253,-1795,-79.67154904571683,-12.75492077026931
96,156, Ciudad Lineal, San Juan Bautista,80,0.008608630151727106,9293,9381,-88,9,1732,2129,-397,29,38,-9,20,12,8,4262,2215,2047,92.41534988713317,22.027332400731733,25.5875,PP,930,1477,-547,-37.03452945159106,-5.886150866243409,639,629,10,1.5898251192368837,0.10760787689658882,954,865,89,10.289017341040463,0.9577101043796405,339,220,119,54.090909090909086,1.280533735069407,349,1738,-1389,-79.91944764096662,-14.946734100936187
97,157, Ciudad Lineal, Colina,38,0.008081667375584857,4702,4767,-65,4,807,1155,-348,23,12,11,7,9,-2,2133,1042,1091,104.70249520153551,23.20289238621863,28.710526315789473,PP,513,754,-241,-31.962864721485413,-5.1254785197788175,338,361,-23,-6.3711911357340725,-0.4891535516801361,492,406,86,21.182266009852217,1.8290089323692045,164,97,67,69.0721649484536,1.4249255635899616,195,894,-699,-78.18791946308725,-14.866014461931092
98,158, Ciudad Lineal, Atalaya,5,0.0044014084507042256,1136,1134,2,1,240,298,-58,5,1,4,2,1,1,601,366,235,64.20765027322405,20.68661971830986,47.0,PP,84,148,-64,-43.24324324324324,-5.633802816901409,66,60,6,10.0,0.528169014084507,73,40,33,82.5,2.9049295774647885,24,16,8,50.0,0.7042253521126761,37,194,-157,-80.9278350515464,-13.820422535211268
99,159, Ciudad Lineal, Costillares,83,0.004805187286516529,17273,17202,71,17,2982,3873,-891,47,57,-10,26,28,-2,9334,5032,4302,85.49284578696343,24.90592253806519,51.83132530120482,PP,1219,1898,-679,-35.77449947312961,-3.930990563306895,1651,1744,-93,-5.33256880733945,-0.5384125513807677,1056,839,217,25.864123957091778,1.2562959532217912,295,200,95,47.5,0.5499913159265907,607,3439,-2832,-82.34952020936319,-16.395530596885312
100,161, Hortaleza, Palomas,35,0.007311468560685189,4787,4703,84,4,700,1025,-325,16,19,-3,10,7,3,2689,1286,1403,109.09797822706065,29.308543973260914,40.08571428571429,PP,325,479,-154,-32.150313152400834,-3.217046166701483,438,448,-10,-2.232142857142857,-0.20889910173386256,300,257,43,16.731517509727624,0.8982661374556089,90,62,28,45.16129032258064,0.5849174848548151,205,1094,-889,-81.26142595978062,-18.57113014414038
101,162, Hortaleza, Piovera,68,0.006701488124568838,10147,10170,-23,10,1661,2370,-709,38,25,13,14,8,6,5431,2745,2686,97.85063752276866,26.470878092046913,39.5,PP,752,1172,-420,-35.83617747440273,-4.139154429880753,805,785,20,2.547770700636943,0.19710259189908347,765,657,108,16.43835616438356,1.0643539962550508,231,167,64,38.32335329341318,0.6307282940770671,407,2197,-1790,-81.474738279472,-17.64068197496797
102,163, Hortaleza, Canillas,219,0.006921180709183996,31642,32115,-473,31,6995,8891,-1896,116,88,28,129,82,47,10976,4995,5981,119.73973973973975,18.902092155995195,27.310502283105023,PSOE,4510,6736,-2226,-33.04631828978623,-7.034953542759623,1807,1561,246,15.759128763613067,0.7774476961001201,4298,3585,713,19.888423988842398,2.2533341760950636,1624,1115,509,45.65022421524664,1.6086214524998421,997,4843,-3846,-79.41358661986372,-12.154731053662852
103,164, Hortaleza, Pinar del Rey,207,0.0051381338893439574,40287,40897,-610,40,10103,12960,-2857,144,110,34,161,112,49,13333,6012,7321,121.77312042581502,18.172115074341598,35.367149758454104,PSOE,5521,8300,-2779,-33.48192771084337,-6.8980068012013795,2449,2228,221,9.919210053859965,0.5485640529202969,5231,4109,1122,27.305913847651496,2.785017499441507,2017,1348,669,49.62908011869436,1.6605853004691342,1019,5322,-4303,-80.85306275836152,-10.680864795095193
104,165, Hortaleza, Apóstol Santiago,51,0.004262075881664717,11966,12037,-71,11,2973,3945,-972,48,27,21,44,34,10,4104,1759,2345,133.31438317225695,19.59719204412502,45.98039215686274,PSOE,1477,2142,-665,-31.045751633986928,-5.557412669229484,867,799,68,8.51063829787234,0.5682767842219623,1516,1205,311,25.8091286307054,2.5990305866622094,566,339,227,66.96165191740413,1.8970416179174328,305,1678,-1373,-81.82359952324195,-11.474176834364032
105,166, Hortaleza, Valdefuentes,174,0.004347500187392249,40023,36976,3047,40,6288,8972,-2684,192,100,92,104,70,34,19842,6697,13145,196.28191727639242,32.84361492142018,75.54597701149426,PP,3409,4962,-1553,-31.297863764611044,-3.8802688454138865,3037,2921,116,3.9712427250941458,0.28983334582615,3992,3026,966,31.92333113020489,2.4136121730005247,1143,755,388,51.39072847682119,0.9694425705219498,1815,9248,-7433,-80.37413494809688,-18.571821202808387
106,171, Villaverde," Villaverde Alto, Casco Histórico de Villaverde",229,0.007642759403264025,29963,29944,19,29,10090,12395,-2305,101,69,32,159,96,63,6413,2555,3858,150.99804305283757,12.875880252311184,16.847161572052403,PSOE,4812,6436,-1624,-25.233064014916096,-5.4200180222274135,1538,1157,381,32.92999135695765,1.2715682675299536,4040,3210,830,25.85669781931464,2.7700831024930745,2033,1291,742,57.474825716498835,2.476387544638387,529,2449,-1920,-78.39934667211107,-6.407903080465909
107,172, Villaverde, San Cristóbal,63,0.0073900293255131965,8525,8524,1,8,3928,4875,-947,29,17,12,18,28,-10,1290,494,796,161.1336032388664,9.33724340175953,12.634920634920634,PSOE,1202,1467,-265,-18.064076346284935,-3.1085043988269794,356,224,132,58.92857142857143,1.5483870967741935,934,644,290,45.03105590062112,3.401759530791789,593,304,289,95.06578947368422,3.390029325513196,82,399,-317,-79.4486215538847,-3.7184750733137832
108,173, Villaverde, Butarque,62,0.004787644787644788,12950,11800,1150,12,3126,4224,-1098,45,30,15,77,19,58,3203,697,2506,359.5408895265423,19.35135135135135,40.41935483870968,PSOE,1766,2402,-636,-26.477935054121566,-4.911196911196911,785,574,211,36.7595818815331,1.6293436293436294,2569,1701,868,51.028806584362144,6.702702702702703,947,569,378,66.4323374340949,2.918918918918919,343,1468,-1125,-76.63487738419619,-8.687258687258687
109,174, Villaverde, Los Rosales,156,0.006209202356312689,25124,25134,-10,25,7688,9292,-1604,87,88,-1,135,75,60,5766,2264,3502,154.68197879858658,13.938863238337845,22.44871794871795,PSOE,4032,5664,-1632,-28.8135593220339,-6.495780926604045,1247,957,290,30.303030303030305,1.154274797006846,3831,3023,808,26.72841548130996,3.216048399936316,1597,1028,569,55.35019455252919,2.2647667568858463,564,2512,-1948,-77.54777070063695,-7.753542429549435
110,175, Villaverde, Ángeles,117,0.005048108038141261,23177,22939,238,23,6344,8004,-1660,56,66,-10,111,74,37,6258,3033,3225,106.3303659742829,13.91465677179963,27.564102564102566,PSOE,3731,4965,-1234,-24.8539778449144,-5.324243862449843,1280,1066,214,20.075046904315197,0.9233291625318203,3343,2486,857,34.47304907481899,3.697631272382103,1488,951,537,56.46687697160884,2.316952150839194,448,2106,-1658,-78.72744539411207,-7.153643698494197
111,181, Villa de Vallecas, Casco Histórico de Vallecas,259,0.009578402366863905,27040,27402,-362,27,9102,11463,-2361,95,62,33,127,84,43,5286,1929,3357,174.02799377916017,12.414940828402367,12.961389961389962,PSOE,3971,5388,-1417,-26.299183370452855,-5.240384615384616,1268,879,389,44.254835039817976,1.4386094674556213,4310,3849,461,11.977136918680177,1.7048816568047336,2127,1309,818,62.490450725744836,3.025147928994083,395,2196,-1801,-82.0127504553734,-6.660502958579882
112,182, Villa de Vallecas, Santa Eugenia,82,0.004313973063973064,19008,19129,-121,19,4160,5574,-1414,102,54,48,84,65,19,5749,2415,3334,138.05383022774328,17.539983164983163,40.65853658536585,PSOE,2998,4260,-1262,-29.624413145539908,-6.639309764309765,1067,939,128,13.631522896698616,0.6734006734006733,2989,2482,507,20.427074939564868,2.6672979797979797,1260,743,517,69.58277254374158,2.7199074074074074,459,2472,-2013,-81.43203883495146,-10.590277777777777
113,183, Villa de Vallecas, Ensanche de Vallecas,141,0.004395535881289357,32078,30129,1949,32,7315,9404,-2089,185,105,80,159,75,84,8668,1955,6713,343.3759590792839,20.927115156805286,47.60992907801418,PSOE,3552,5283,-1731,-32.76547416240772,-5.396221709582892,1888,1472,416,28.26086956521739,1.296838955047073,6614,5311,1303,24.533986066654116,4.061973938524846,2349,1489,860,57.7568838146407,2.680965147453083,1092,4762,-3670,-77.06845863082738,-11.440862896689321
114,191, Vicálvaro, Casco Histórico de Vicálvaro,167,0.007110013623978202,23488,23556,-68,23,7603,9742,-2139,76,53,23,87,64,23,5731,2296,3435,149.60801393728224,14.624489100817438,20.568862275449103,PSOE,3678,4984,-1306,-26.203852327447834,-5.560286103542234,1218,947,271,28.616684266103487,1.1537806539509536,3029,2354,675,28.674596431605774,2.873807901907357,1467,870,597,68.62068965517241,2.5417234332425065,411,2035,-1624,-79.8034398034398,-6.914168937329699
115,192, Vicálvaro, Valdebernardo,50,0.003610368979709726,13849,13733,116,13,2732,3487,-755,49,48,1,63,29,34,3492,1199,2293,191.24270225187655,16.557152140948805,45.86,PSOE,2184,3225,-1041,-32.27906976744186,-7.51678821575565,685,574,111,19.337979094076655,0.8015019134955592,2920,2479,441,17.789431222267044,3.1843454401039786,1193,799,394,49.3116395494368,2.8449707560112647,437,1779,-1342,-75.43563799887578,-9.690230341540905
116,193, Vicálvaro, Valderribas,19,0.0015594221930400525,12184,12014,170,12,1623,2607,-984,80,45,35,60,29,31,4105,1150,2955,256.95652173913044,24.25311884438608,155.52631578947367,PSOE,1639,2546,-907,-35.62450903377848,-7.444189100459619,713,596,117,19.630872483221477,0.9602757715036113,2588,1976,612,30.971659919028337,5.022980958634275,727,526,201,38.21292775665399,1.649704530531845,542,2462,-1920,-77.98537774167343,-15.758371634931056
117,194, Vicálvaro, El Cañaveral,11,0.0036850921273031824,2985,1132,1853,2,602,263,339,11,10,1,12,5,7,965,90,875,972.2222222222222,29.313232830820766,79.54545454545455,PSOE,261,190,71,37.368421052631575,2.3785594639866,235,85,150,176.47058823529412,5.025125628140704,574,182,392,215.3846153846154,13.132328308207706,161,55,106,192.72727272727272,3.5510887772194306,130,235,-105,-44.680851063829785,-3.5175879396984926
118,201, San Blas-Canillejas, Simancas,244,0.012726229593699474,19173,19184,-11,19,5765,7345,-1580,78,69,9,85,61,24,5519,2012,3507,174.3041749502982,18.29134720700986,14.37295081967213,PSOE,2371,3607,-1236,-34.266703631827006,-6.446565482710061,1060,830,230,27.710843373493976,1.1996036092421634,2561,2078,483,23.243503368623678,2.5191675794085433,1125,656,469,71.4939024390244,2.4461482292807593,459,2331,-1872,-80.3088803088803,-9.763730245657957
119,202, San Blas-Canillejas, Hellín,13,0.001910079341757273,6806,6969,-163,6,2252,2918,-666,28,10,18,28,28,0,1430,573,857,149.56369982547992,12.591830737584484,65.92307692307692,PSOE,1000,1450,-450,-31.03448275862069,-6.611813106082868,361,248,113,45.564516129032256,1.6602997355274758,1039,800,239,29.875,3.511607405230679,525,367,158,43.05177111716621,2.3214810461357627,82,511,-429,-83.95303326810176,-6.303261827799
120,203, San Blas-Canillejas, Amposta,52,0.008692744901370779,5982,6066,-84,5,2515,3006,-491,13,9,4,16,18,-2,1137,449,688,153.2293986636971,11.501170177198262,13.23076923076923,PSOE,801,1146,-345,-30.104712041884817,-5.767301905717152,300,196,104,53.06122448979592,1.7385489802741558,712,550,162,29.454545454545457,2.708124373119358,342,229,113,49.34497816593886,1.8890003343363424,89,426,-337,-79.10798122065728,-5.633567368772986
121,204, San Blas-Canillejas, Arcos,68,0.0037469693630152083,18148,18065,83,18,5532,6967,-1435,72,57,15,63,32,31,4508,1607,2901,180.52271313005602,15.985232532510468,42.661764705882355,PSOE,2514,3640,-1126,-30.934065934065934,-6.204540445228124,988,755,233,30.86092715231788,1.2838880317390344,2703,2286,417,18.241469816272964,2.297773859378444,1229,729,500,68.58710562414267,2.7551245316288298,384,1862,-1478,-79.37701396348012,-8.14414811549482
122,205, San Blas-Canillejas, Rosas,244,0.010037847622181998,24308,23772,536,24,4233,5426,-1193,135,82,53,129,73,56,8171,2972,5199,174.93270524899057,21.388020404805,21.307377049180328,PSOE,3421,5432,-2011,-37.02135493372607,-8.27299654434754,1347,1193,154,12.908633696563285,0.633536284350831,4374,3332,1042,31.27250900360144,4.28665459930887,1376,992,384,38.70967741935484,1.5797268389007735,936,4102,-3166,-77.18186250609459,-13.024518676978772
123,206, San Blas-Canillejas, Rejas,122,0.011265004616805172,10830,10648,182,10,2810,3665,-855,45,31,14,28,20,8,3985,1294,2691,207.9598145285935,24.84764542936288,22.057377049180328,PSOE,1118,1630,-512,-31.41104294478528,-4.727608494921514,713,671,42,6.259314456035768,0.3878116343490305,1244,1092,152,13.91941391941392,1.4035087719298245,487,292,195,66.78082191780823,1.8005540166204987,339,1888,-1549,-82.04449152542372,-14.302862419205908
124,207, San Blas-Canillejas, Canillejas,166,0.007984992063110298,20789,21037,-248,20,5887,7516,-1629,92,42,50,109,76,33,6392,2878,3514,122.09867963863795,16.90316994564433,21.16867469879518,PSOE,2747,3969,-1222,-30.788611740992692,-5.878108615133002,1185,998,187,18.7374749498998,0.8995141661455578,2536,2196,340,15.482695810564662,1.6354803020828323,1165,767,398,51.89048239895697,1.9144740006734333,434,2443,-2009,-82.23495702005731,-9.6637644908365
125,208, San Blas-Canillejas, El Salvador,56,0.006179651291105716,9062,9038,24,9,1569,2150,-581,32,17,15,32,28,4,3637,1661,1976,118.96447922937989,21.805340984330172,35.285714285714285,PSOE,1086,1669,-583,-34.93109646494907,-6.433458397704701,646,613,33,5.383360522022838,0.36415802251158685,1239,961,278,28.92819979188345,3.0677554623703376,381,253,128,50.59288537549407,1.4124917236813066,377,1615,-1238,-76.656346749226,-13.661443389980137
126,211, Barajas, Alameda de Osuna,74,0.004911395765580408,15067,14990,77,15,2296,3204,-908,55,38,17,32,35,-3,6539,3044,3495,114.81603153745073,23.19638946041017,47.229729729729726,PP,1851,2713,-862,-31.772945079248068,-5.721112364770691,1024,1018,6,0.5893909626719057,0.03982212782903033,1914,1569,345,21.988527724665392,2.289772350169244,626,424,202,47.64150943396226,1.3406783035773544,658,2845,-2187,-76.87170474516695,-14.515165593681555
127,212, Barajas, Aeropuerto,131,0.10633116883116883,1232,1231,1,1,499,573,-74,5,0,5,4,3,1,294,78,216,276.9230769230769,17.532467532467532,1.6488549618320612,PSOE,121,176,-55,-31.25,-4.464285714285714,95,80,15,18.75,1.2175324675324677,137,149,-12,-8.053691275167784,-0.974025974025974,54,37,17,45.94594594594595,1.37987012987013,16,127,-111,-87.4015748031496,-9.009740259740258
128,213, Barajas, Casco Histórico de Barajas,102,0.01914773793880233,5327,5425,-98,5,1469,2001,-532,17,14,3,20,11,9,1685,657,1028,156.46879756468797,19.297916275577247,10.07843137254902,PSOE,680,943,-263,-27.889713679745494,-4.937112821475502,387,342,45,13.157894736842104,0.8447531443589262,646,559,87,15.56350626118068,1.6331894124272575,275,192,83,43.22916666666667,1.5581002440397973,103,645,-542,-84.03100775193798,-10.174582316500844
129,214, Barajas, Timón,66,0.0071903257435450485,9179,8653,526,9,2025,2428,-403,41,26,15,36,26,10,3322,1091,2231,204.49129239230066,24.305479899771218,33.803030303030305,PSOE,969,1513,-544,-35.95505617977528,-5.926571521952282,621,534,87,16.292134831460675,0.9478156661945746,1317,1077,240,22.284122562674096,2.6146639067436537,433,292,141,48.28767123287671,1.5361150452118968,358,1597,-1239,-77.5829680651221,-13.498202418564114
130,215, Barajas, Corralejos,112,0.02132114981915096,5253,5151,102,5,839,1156,-317,21,15,6,12,16,-4,2673,980,1693,172.75510204081633,32.229202360555874,15.116071428571429,PP,465,697,-232,-33.28550932568149,-4.416523891109843,364,427,-63,-14.754098360655737,-1.1993146773272416,464,390,74,18.974358974358974,1.40871882733676,116,98,18,18.367346938775512,0.34266133637921187,272,1336,-1064,-79.64071856287424,-20.255092328193413
